CREATE DATABASE [ModuloWeb]
GO

USE [ModuloWeb]
GO
/****** Object:  Table [dbo].[AlunoModulo]    Script Date: 13/07/2023 19:14:08 ******/
SET ANSI_NULLS ON
GO
SET QUOTED_IDENTIFIER ON
GO
CREATE TABLE [dbo].[AlunoModulo](
	[Id] [int] NOT NULL,
	[IdTurmaAluno] [int] NULL,
	[IdCursoModulo] [int] NULL,
	[Nota] [int] NULL,
	[Observacao] [varchar](250) NULL,
 CONSTRAINT [PK_AlunoModulo] PRIMARY KEY CLUSTERED 
(
	[Id] ASC
)WITH (PAD_INDEX = OFF, STATISTICS_NORECOMPUTE = OFF, IGNORE_DUP_KEY = OFF, ALLOW_ROW_LOCKS = ON, ALLOW_PAGE_LOCKS = ON, OPTIMIZE_FOR_SEQUENTIAL_KEY = OFF) ON [PRIMARY]
) ON [PRIMARY]
GO
/****** Object:  Table [dbo].[Alunos]    Script Date: 13/07/2023 19:14:08 ******/
SET ANSI_NULLS ON
GO
SET QUOTED_IDENTIFIER ON
GO
CREATE TABLE [dbo].[Alunos](
	[Id] [int] NOT NULL,
	[DataCadastro] [date] NULL,
	[IdEscolaridade] [int] NULL,
 CONSTRAINT [PK_Alunos] PRIMARY KEY CLUSTERED 
(
	[Id] ASC
)WITH (PAD_INDEX = OFF, STATISTICS_NORECOMPUTE = OFF, IGNORE_DUP_KEY = OFF, ALLOW_ROW_LOCKS = ON, ALLOW_PAGE_LOCKS = ON, OPTIMIZE_FOR_SEQUENTIAL_KEY = OFF) ON [PRIMARY]
) ON [PRIMARY]
GO
/****** Object:  Table [dbo].[Areas]    Script Date: 13/07/2023 19:14:08 ******/
SET ANSI_NULLS ON
GO
SET QUOTED_IDENTIFIER ON
GO
CREATE TABLE [dbo].[Areas](
	[Id] [int] NOT NULL,
	[Descricao] [varchar](50) NULL,
 CONSTRAINT [PK_Area] PRIMARY KEY CLUSTERED 
(
	[Id] ASC
)WITH (PAD_INDEX = OFF, STATISTICS_NORECOMPUTE = OFF, IGNORE_DUP_KEY = OFF, ALLOW_ROW_LOCKS = ON, ALLOW_PAGE_LOCKS = ON, OPTIMIZE_FOR_SEQUENTIAL_KEY = OFF) ON [PRIMARY]
) ON [PRIMARY]
GO
/****** Object:  Table [dbo].[Avisos]    Script Date: 13/07/2023 19:14:08 ******/
SET ANSI_NULLS ON
GO
SET QUOTED_IDENTIFIER ON
GO
CREATE TABLE [dbo].[Avisos](
	[Id] [int] IDENTITY(1,1) NOT NULL,
	[Data] [date] NULL,
	[Titulo] [varchar](50) NULL,
	[Aviso] [varchar](250) NULL,
	[IdCurso] [int] NULL,
	[IdTurma] [int] NULL,
	[Imagem] [varchar](50) NULL,
 CONSTRAINT [PK_Avisos] PRIMARY KEY CLUSTERED 
(
	[Id] ASC
)WITH (PAD_INDEX = OFF, STATISTICS_NORECOMPUTE = OFF, IGNORE_DUP_KEY = OFF, ALLOW_ROW_LOCKS = ON, ALLOW_PAGE_LOCKS = ON, OPTIMIZE_FOR_SEQUENTIAL_KEY = OFF) ON [PRIMARY]
) ON [PRIMARY]
GO
/****** Object:  Table [dbo].[CursoModulo]    Script Date: 13/07/2023 19:14:08 ******/
SET ANSI_NULLS ON
GO
SET QUOTED_IDENTIFIER ON
GO
CREATE TABLE [dbo].[CursoModulo](
	[Id] [int] NOT NULL,
	[IdCurso] [int] NULL,
	[IdModulo] [int] NULL,
	[Status] [char](1) NULL,
 CONSTRAINT [PK_CursoModulo] PRIMARY KEY CLUSTERED 
(
	[Id] ASC
)WITH (PAD_INDEX = OFF, STATISTICS_NORECOMPUTE = OFF, IGNORE_DUP_KEY = OFF, ALLOW_ROW_LOCKS = ON, ALLOW_PAGE_LOCKS = ON, OPTIMIZE_FOR_SEQUENTIAL_KEY = OFF) ON [PRIMARY]
) ON [PRIMARY]
GO
/****** Object:  Table [dbo].[Cursos]    Script Date: 13/07/2023 19:14:08 ******/
SET ANSI_NULLS ON
GO
SET QUOTED_IDENTIFIER ON
GO
CREATE TABLE [dbo].[Cursos](
	[Id] [int] IDENTITY(1,1) NOT NULL,
	[Nome] [varchar](50) NULL,
	[CargaHoraria] [int] NULL,
	[Imagem] [image] NULL,
	[Descricao] [varchar](max) NULL,
	[IdArea] [int] NULL,
 CONSTRAINT [PK_Cursos] PRIMARY KEY CLUSTERED 
(
	[Id] ASC
)WITH (PAD_INDEX = OFF, STATISTICS_NORECOMPUTE = OFF, IGNORE_DUP_KEY = OFF, ALLOW_ROW_LOCKS = ON, ALLOW_PAGE_LOCKS = ON, OPTIMIZE_FOR_SEQUENTIAL_KEY = OFF) ON [PRIMARY]
) ON [PRIMARY] TEXTIMAGE_ON [PRIMARY]
GO
/****** Object:  Table [dbo].[Docentes]    Script Date: 13/07/2023 19:14:08 ******/
SET ANSI_NULLS ON
GO
SET QUOTED_IDENTIFIER ON
GO
CREATE TABLE [dbo].[Docentes](
	[Id] [int] NOT NULL,
	[Admissao] [date] NULL,
 CONSTRAINT [PK_Docentes] PRIMARY KEY CLUSTERED 
(
	[Id] ASC
)WITH (PAD_INDEX = OFF, STATISTICS_NORECOMPUTE = OFF, IGNORE_DUP_KEY = OFF, ALLOW_ROW_LOCKS = ON, ALLOW_PAGE_LOCKS = ON, OPTIMIZE_FOR_SEQUENTIAL_KEY = OFF) ON [PRIMARY]
) ON [PRIMARY]
GO
/****** Object:  Table [dbo].[Escolaridades]    Script Date: 13/07/2023 19:14:08 ******/
SET ANSI_NULLS ON
GO
SET QUOTED_IDENTIFIER ON
GO
CREATE TABLE [dbo].[Escolaridades](
	[Id] [int] IDENTITY(1,1) NOT NULL,
	[Descricao] [varchar](50) NULL,
 CONSTRAINT [PK_Escolaridade] PRIMARY KEY CLUSTERED 
(
	[Id] ASC
)WITH (PAD_INDEX = OFF, STATISTICS_NORECOMPUTE = OFF, IGNORE_DUP_KEY = OFF, ALLOW_ROW_LOCKS = ON, ALLOW_PAGE_LOCKS = ON, OPTIMIZE_FOR_SEQUENTIAL_KEY = OFF) ON [PRIMARY]
) ON [PRIMARY]
GO
/****** Object:  Table [dbo].[Modulos]    Script Date: 13/07/2023 19:14:08 ******/
SET ANSI_NULLS ON
GO
SET QUOTED_IDENTIFIER ON
GO
CREATE TABLE [dbo].[Modulos](
	[Id] [int] IDENTITY(1,1) NOT NULL,
	[Descricao] [varchar](100) NULL,
	[IdPai] [int] NULL,
	[IdTipo] [int] NULL,
	[Seq] [int] NULL,
 CONSTRAINT [PK_Atividades] PRIMARY KEY CLUSTERED 
(
	[Id] ASC
)WITH (PAD_INDEX = OFF, STATISTICS_NORECOMPUTE = OFF, IGNORE_DUP_KEY = OFF, ALLOW_ROW_LOCKS = ON, ALLOW_PAGE_LOCKS = ON, OPTIMIZE_FOR_SEQUENTIAL_KEY = OFF) ON [PRIMARY]
) ON [PRIMARY]
GO
/****** Object:  Table [dbo].[Pessoas]    Script Date: 13/07/2023 19:14:08 ******/
SET ANSI_NULLS ON
GO
SET QUOTED_IDENTIFIER ON
GO
CREATE TABLE [dbo].[Pessoas](
	[Id] [int] IDENTITY(1,1) NOT NULL,
	[Nome] [varchar](80) NULL,
	[CPF] [varchar](50) NULL,
	[Telefone] [varchar](50) NULL,
	[Email] [varchar](225) NULL,
	[Sexo] [char](1) NULL,
	[Foto] [image] NULL,
	[DataNascimento] [date] NULL,
 CONSTRAINT [PK_Pessoa] PRIMARY KEY CLUSTERED 
(
	[Id] ASC
)WITH (PAD_INDEX = OFF, STATISTICS_NORECOMPUTE = OFF, IGNORE_DUP_KEY = OFF, ALLOW_ROW_LOCKS = ON, ALLOW_PAGE_LOCKS = ON, OPTIMIZE_FOR_SEQUENTIAL_KEY = OFF) ON [PRIMARY]
) ON [PRIMARY] TEXTIMAGE_ON [PRIMARY]
GO
/****** Object:  Table [dbo].[TiposAtividade]    Script Date: 13/07/2023 19:14:08 ******/
SET ANSI_NULLS ON
GO
SET QUOTED_IDENTIFIER ON
GO
CREATE TABLE [dbo].[TiposAtividade](
	[Id] [int] IDENTITY(1,1) NOT NULL,
	[Descricao] [varchar](50) NULL,
 CONSTRAINT [PK_TipoAtividade] PRIMARY KEY CLUSTERED 
(
	[Id] ASC
)WITH (PAD_INDEX = OFF, STATISTICS_NORECOMPUTE = OFF, IGNORE_DUP_KEY = OFF, ALLOW_ROW_LOCKS = ON, ALLOW_PAGE_LOCKS = ON, OPTIMIZE_FOR_SEQUENTIAL_KEY = OFF) ON [PRIMARY]
) ON [PRIMARY]
GO
/****** Object:  Table [dbo].[TurmaAluno]    Script Date: 13/07/2023 19:14:08 ******/
SET ANSI_NULLS ON
GO
SET QUOTED_IDENTIFIER ON
GO
CREATE TABLE [dbo].[TurmaAluno](
	[Id] [int] IDENTITY(1,1) NOT NULL,
	[IdTurma] [int] NULL,
	[IdAluno] [int] NULL,
	[Status] [char](1) NULL,
 CONSTRAINT [PK_TurmaAluno] PRIMARY KEY CLUSTERED 
(
	[Id] ASC
)WITH (PAD_INDEX = OFF, STATISTICS_NORECOMPUTE = OFF, IGNORE_DUP_KEY = OFF, ALLOW_ROW_LOCKS = ON, ALLOW_PAGE_LOCKS = ON, OPTIMIZE_FOR_SEQUENTIAL_KEY = OFF) ON [PRIMARY]
) ON [PRIMARY]
GO
/****** Object:  Table [dbo].[Turmas]    Script Date: 13/07/2023 19:14:08 ******/
SET ANSI_NULLS ON
GO
SET QUOTED_IDENTIFIER ON
GO
CREATE TABLE [dbo].[Turmas](
	[Id] [int] IDENTITY(1,1) NOT NULL,
	[IdCurso] [int] NULL,
	[CodTurma] [varchar](20) NULL,
	[DataInicio] [date] NULL,
	[DataTermino] [date] NULL,
	[QtdMinima] [int] NULL,
	[QtdMaxima] [int] NULL,
	[IdDocente] [int] NULL,
 CONSTRAINT [PK_Turmas] PRIMARY KEY CLUSTERED 
(
	[Id] ASC
)WITH (PAD_INDEX = OFF, STATISTICS_NORECOMPUTE = OFF, IGNORE_DUP_KEY = OFF, ALLOW_ROW_LOCKS = ON, ALLOW_PAGE_LOCKS = ON, OPTIMIZE_FOR_SEQUENTIAL_KEY = OFF) ON [PRIMARY]
) ON [PRIMARY]
GO
/****** Object:  Table [dbo].[Usuarios]    Script Date: 13/07/2023 19:14:08 ******/
SET ANSI_NULLS ON
GO
SET QUOTED_IDENTIFIER ON
GO
CREATE TABLE [dbo].[Usuarios](
	[Id] [int] NOT NULL,
	[Usuario] [varchar](50) NULL,
	[Senha] [varchar](50) NULL,
	[PalavraChave] [varchar](50) NULL,
 CONSTRAINT [PK_Usuarios] PRIMARY KEY CLUSTERED 
(
	[Id] ASC
)WITH (PAD_INDEX = OFF, STATISTICS_NORECOMPUTE = OFF, IGNORE_DUP_KEY = OFF, ALLOW_ROW_LOCKS = ON, ALLOW_PAGE_LOCKS = ON, OPTIMIZE_FOR_SEQUENTIAL_KEY = OFF) ON [PRIMARY]
) ON [PRIMARY]
GO
INSERT [dbo].[Alunos] ([Id], [DataCadastro], [IdEscolaridade]) VALUES (2, CAST(N'2023-07-12' AS Date), 2)
GO
INSERT [dbo].[Alunos] ([Id], [DataCadastro], [IdEscolaridade]) VALUES (3, CAST(N'2023-06-10' AS Date), 1)
GO
INSERT [dbo].[Areas] ([Id], [Descricao]) VALUES (1, N'Tecnologia de Informação')
GO
SET IDENTITY_INSERT [dbo].[Avisos] ON 
GO
INSERT [dbo].[Avisos] ([Id], [Data], [Titulo], [Aviso], [IdCurso], [IdTurma], [Imagem]) VALUES (1, CAST(N'2023-07-17' AS Date), N'Aviso de Abertura de UC', N'Aviso de Abertua', NULL, NULL, N'AvisoGeral.jpg')
GO
INSERT [dbo].[Avisos] ([Id], [Data], [Titulo], [Aviso], [IdCurso], [IdTurma], [Imagem]) VALUES (2, CAST(N'2023-12-18' AS Date), N'Aviso Final de ano', N'Ferias está chegando', 3, NULL, NULL)
GO
INSERT [dbo].[Avisos] ([Id], [Data], [Titulo], [Aviso], [IdCurso], [IdTurma], [Imagem]) VALUES (3, CAST(N'2023-12-18' AS Date), N'Aviso Entregas', N'Não esqueçar de entregar as atividades', NULL, 1, N'AvisoTurma.jpg')
GO
SET IDENTITY_INSERT [dbo].[Avisos] OFF
GO
INSERT [dbo].[CursoModulo] ([Id], [IdCurso], [IdModulo], [Status]) VALUES (1, 3, 3, N'M')
GO
INSERT [dbo].[CursoModulo] ([Id], [IdCurso], [IdModulo], [Status]) VALUES (2, 3, 6, N'E')
GO
INSERT [dbo].[CursoModulo] ([Id], [IdCurso], [IdModulo], [Status]) VALUES (3, 3, 7, N'E')
GO
INSERT [dbo].[CursoModulo] ([Id], [IdCurso], [IdModulo], [Status]) VALUES (4, 3, 8, N'N')
GO
INSERT [dbo].[CursoModulo] ([Id], [IdCurso], [IdModulo], [Status]) VALUES (5, 4, 3, N'M')
GO
INSERT [dbo].[CursoModulo] ([Id], [IdCurso], [IdModulo], [Status]) VALUES (6, 4, 6, N'E')
GO
INSERT [dbo].[CursoModulo] ([Id], [IdCurso], [IdModulo], [Status]) VALUES (7, 4, 7, N'E')
GO
INSERT [dbo].[CursoModulo] ([Id], [IdCurso], [IdModulo], [Status]) VALUES (8, 4, 8, N'E')
GO
SET IDENTITY_INSERT [dbo].[Cursos] ON 
GO
INSERT [dbo].[Cursos] ([Id], [Nome], [CargaHoraria], [Imagem], [Descricao], [IdArea]) VALUES (3, N'Programação Front-End', 500, NULL, N'O front-end é uma área da programação que se dedica a criar a parte visual e interativa de um site, aplicativo ou software. É o que o usuário vê e usa quando acessa uma plataforma digital.', 1)
GO
INSERT [dbo].[Cursos] ([Id], [Nome], [CargaHoraria], [Imagem], [Descricao], [IdArea]) VALUES (4, N'Programação Back End', 600, NULL, N'Back End', 1)
GO
SET IDENTITY_INSERT [dbo].[Cursos] OFF
GO
INSERT [dbo].[Docentes] ([Id], [Admissao]) VALUES (1, CAST(N'2011-02-20' AS Date))
GO
SET IDENTITY_INSERT [dbo].[Escolaridades] ON 
GO
INSERT [dbo].[Escolaridades] ([Id], [Descricao]) VALUES (1, N'Ensino Médio')
GO
INSERT [dbo].[Escolaridades] ([Id], [Descricao]) VALUES (2, N'Ensino Superior')
GO
INSERT [dbo].[Escolaridades] ([Id], [Descricao]) VALUES (3, N'Ensino Fundamental')
GO
SET IDENTITY_INSERT [dbo].[Escolaridades] OFF
GO
SET IDENTITY_INSERT [dbo].[Modulos] ON 
GO
INSERT [dbo].[Modulos] ([Id], [Descricao], [IdPai], [IdTipo], [Seq]) VALUES (3, N'Módulo Básico', NULL, 1, 1)
GO
INSERT [dbo].[Modulos] ([Id], [Descricao], [IdPai], [IdTipo], [Seq]) VALUES (6, N'UC1 - Fundamentos da Tecnologia', 3, 2, 1)
GO
INSERT [dbo].[Modulos] ([Id], [Descricao], [IdPai], [IdTipo], [Seq]) VALUES (7, N'Atividade 1', 6, 3, 1)
GO
INSERT [dbo].[Modulos] ([Id], [Descricao], [IdPai], [IdTipo], [Seq]) VALUES (8, N'Atividade 2 ', 6, 3, 2)
GO
SET IDENTITY_INSERT [dbo].[Modulos] OFF
GO
SET IDENTITY_INSERT [dbo].[Pessoas] ON 
GO
INSERT [dbo].[Pessoas] ([Id], [Nome], [CPF], [Telefone], [Email], [Sexo], [Foto], [DataNascimento]) VALUES (1, N'Fernando Pereira', N'62890871002', N'(28) 3026-2127', N'Fe@email.com', N'M', 0xFFD8FFE000104A46494600010101009600960000FFDB0043000604040405040605050609060506090B080606080B0C0A0A0B0A0A0C100C0C0C0C0C0C100C0E0F100F0E0C1313141413131C1B1B1B1C20202020202020202020FFDB0043010707070D0C0D181010181A1511151A20202020202020202020202020202020202020202020202020202020202020202020202020202020202020202020202020FFC000110800BD00A703011100021101031101FFC4001C0000010403010000000000000000000000050203040600010708FFC40047100001020403040606050B03040300000001020300040511122131062241510713326171811491A1C1D1F015234262B11625334352728292B3E1F108A2B2243536D2445473FFC4001A010002030101000000000000000000000000010203040506FFC400321100020102040403070501010100000000000102031104122131134151F005617122328191A1B1D1142333C1E15242F1FFDA000C03010002110311003F00EA79FB63A8546B8E70C051BDB2F3800CB9E3001BB980466700C505280D6101B0EAD3A28C0D0EE29339329ECBAB1E6615905C58A8CF0D1F73F9950AC8057D2D50FF00ECB9FCC60CA82E61ACD487FF0025CFE6260C88571D46D055001FF50AF303E10B8687716368EA83F5FF00ED4FC20E12015F94955D7AEFF6A7E10B8682E67E545587DB1E691070A2171436B2A56CF07F2985C14171476B2A36164B7EA3F1838282E67E56D46FD96FD4AFFDA170505CD7E57D47F65BF51F8C3E0A0B885ED6D48E410D67F755FF00B42E0A0B82B28BC46A0015EC800D8B5E0032D0009CB5806241CE0100368F6FB64B675582AD50430EE02E259CD4E14F725373998CF5313086FB9753C3CA7B2D0E575BFF0052B651145A5EE0B8EB6697C741BA8F8C6296366F656FAFE0DB1C02B7B4CA34D74E9D21BEE9589F0C2564FD521A6B0A06672C4146C3BCC57C5A9D4B781495B4EFBFF0527A74E914230AA7D2391EA51A6B91C311E2D4FF00A7F41AC352E6ADF30CD17FD45ED54AA3F394B355049576ADD4AB4D061047FB62C8E26A2F32B960E9B57574751D94E99F64ABA865A71EF429F5E4A967781FDFB04E7E378D70C645EFA18EA61251F345F92A41B58DF2E11AF7330A044303200347480049F93001A3A77C02320189D7E4C022561840661378066C0800C20C0065B2862107E73843388F4B3D353924F3B45D9A70179B3866E7D365612356DAE0557D4FC8E657C4B6ED1DBAF7C8E961F09A669FC8E0D353CFCD4C2E61E77AE7166E56B271295C73CF846450B236F13A5ADCBBEF7F51874AB072D2F7BFC381CE2488D46EDDF7A6E329CCE33A9CB8F1EFB102D13332D7DAFCFE397E6FD05152D4EAC6598170471072BDED0B913726E4F6EDF9DBB7E4217716B9CB316033F578C49154AFCC75135A281DE0353AE5EAE3F3CE0E05D1C4F3E76EFA77F5EADD1774D551A3B8CD3EB6EAE66996EAD19852DAB643093AA7BB845F46B383B6E8AAA51551665A4BA1E92919C959C966E6A59C4BCCBA0290E24DC111D252BAD0E6B43F68908D4006AD9E50C46B09BC211900C4DAE6FAC004AC26FE30C0DF18077376802E6F8C2034A10C0E57D37EDF9A052BE88912A4D527D174BC9D10D5ECA3FBC78473F1B5ACB2F536E0A86795F923CC4E137E6AE601B9B77F7F18C28E9D47AF57DF3FBF4D470494C39870B654B5E840249E5875BE6223C4481D2BFAF7E7F709CB6C9D726C90CCAB97B5ED842721E310E32272847AFD08B3740A93172ECB3884A6FF0060E5616CFC3D90D564467453EFBFF3911534F98214B436481DB201C209F673112E2A17E9F5F5EFBFA929DD9EAAFA3A1D54B909D12A4A795EE776C75E63BA20B130BEE2FD3DF9ABF7E9EA40753838614DB3E363C2E0EBA65172646A472F92EEDEBE5D06505F491718403AEF01A5F3B44DD8CF0738F92F8F7EBE9C8EF7FE9E76C9F330E6CDCC8BB6B4F5B2CAFD9501BC9B77811A309535B10C752D14BA9DE3CE3A2734D5A0119ED86065A101A3AEB0009802E4AB4319986D000AC279C006F0C0230A21123CA1D36CF3950E916A28C574CB609769399EC8170396F131C4C4CFF719DDC0C6D486763762D1388F489A6C117DD4A815647BB9F8C73A755BF435DBE474391D959496286D0CA72D12122DEE8A65AB1E962C48A4250D0C08483C0102D17468B655743331486DC6ECA690B0751A7778186E0C7A02A5F6325259E71CC09536E5FEAC5AC2E6FA1F7441D1243D3345065BAB4321413C15A98CF2848B158E7F58D9B907E65566D2D3A92A0E604A6F9F8F18CEB1528366A54958A8D5B64DD944979B5634246F0B58DBDFE51D1A18E52D199A7875733612B0BA3ED553E751A32F249B7140EDDB2E5711D184AD24CC15A178389ECC16504A8765598F38ED23866F0DE24444DB9C3118442189B40069596708192B08CB5877014948E50C055B28433784400604C211E59E9164C3DD25D650A0A490FDB2BDB3093AF7C79AC74AD37EA77709EE22F5B2B2096E4D2385EFF2633BD74E46AB58B2352C9C6920019E9A44E34F52398220585B846D2910B4A6F63CAF11921C46D4CB611749D79C56D1322BAA28BF7C4643895A9DA617545C71175730239F5295F568D8AA742A55D970C208D011BAAF8462C9967634FBC8E5EDA704FA084EF2562C35E31E929330D7A69367B6E9975D2A49C391530D93E6811DC86C796649B44C46AD9C02136800D7084032F9B364F2B444689C131608D8418431CB400604C01714819884C679BF6E69CB3D29D5F0A77D4EA2E2FC0B6923F18F3B8D83E2BD0ECE0F5822DD474E06D2D8CED9651895CDD2B053E92A636AC2F4C212A4EB72328D3129611917699348C72F3285A74B2543DD17C62BA95B6C796C05E4950B43DC10CF54716026C9859512CDA0C4CCAB7BD8D6136EF8A650B8D4AC57E7E6E41B1851348E5DA168C934688B29FB4603882AFB3AA549D39C61A975246C86C73AA94916EA6CAD22C971673D4DC1CEE2FDFEA8EAE12A5F4F428C47BBF03D9B24D16E9D28D9B5D0CB693C3EC88F4D0D8F242ED9C4C46B0E70084A9300C4910011E6F765D67C3F188CB61C75085A264458EE8062AC6108500AB403199C9D939063D2275E4B0C020635733C38C5752AC60AEC9C29B93B2390EDE4B34AE914CDB0B4B8C4E4830F36E2482950B96EE0F1BE18E363ACE57EA8EA60AE93BF21B4B130BC12EDA8B685E6E2C646DC81F846048DEE44D676628EB4065D792855B24EE8FEF1A60E3B153CDB826A3B3499170BF21338B3CF0AB3F6467ACEC5D49F508D0A726C0EA8A8AAC3227F0882A839C07AA5549B650E04270AB4B9E3A676103AAC71822B6F53AAB5878A52FAC215911736B1F1E50B266639351449FC88A2CA3654FCD853B6DE0543F0B889E58457229599F22AF5BA7B9222D26E87E4D4779A5701CD3AC60A908A3645BB6A056E96A9C9F91954E6B7269A425235DF5848CFC4DE35601DEA228C5BB459E9BFCB1D9D72BDF403530553C825BC927ABEB10379BC7A6216F76B1E9638B8B9E5380F09350CFC82A45B28D666136E51222273D0888809233800815636A7BA7F77FE42235362510C618B08D8DE18603986100B098432A3D28A267E84915CBF6933CD5CEA2C428671CEF11BE55EA74BC32D9DDFA1CFDFA7A9BDA10711C225D23ABB929492E294705F40A39DA38FE474184E7E466BD0C995482E5B2BE5ED02233A6EDA12A5257D4A43CC7481E8B30BA64CB72934D1BA64D2D6FB893928971DB82AE3A43A34FCF5E9B7CBFD2EAD257D55D75B89A3C9EDABD20DCD54677AC9EEB025322A40C783ED1529BCD3DD7825495F7FEC6AA6BB7B3D4E854D91F43996C2B782938B0DB304C250C922972CC88FB585054D32800170D818AEBB4E4B913A11B6A57AA14CDA543B34CD3969426598EB195389C497DEC38B00BD92396251F28B61435DEDD3B612ACADB6FF0042929AAF48151959B7A78218966344CDB696F11BE80A422F853C8415A09C7564E96F64AFE84ED9596A9D45B3D74BF548BE77BC638D14AFD0D352490BA9CAB94E9D42DB714D2D85A56DBADF6C1410AB836D7288AF625A7D0A65ED22C5B0CDDF6FA8C71FD5635A929249B92856F28F1567AC74700DF17CB429C72FD9677876D78F4C8F30C6888621253008411ED8060EAEEED2DFE7BBFF0034C575361C43606422D222D20C218E84C20161300C13B5CD36AA0B8A58FD1ADB5A0FDE0632E33DC669C27BE733758489E6DE07129D6C62E591FEF1C2B2E47624FE81C9718E2688130D325DD459D652E8E4A11AE14D5B62BCF6224BD0A52596A750CA1A1AD9004478692D342DE2B7E646560F4CE6B39DFDD183997A026D3A9487D977ECA55BD1455DCD14F6084BCACA55A9E12F243A9CB5F9BC6AA6D4959EA6695E12BA1A6F6268E0851631DBB3D6294B03C2F7897E9A1D04F133EA3B354F6255A57549C361C2299E809DCA2572CE4C58E78A2A846FA1A1EC5B3A346649FDB097C39FA2A5F5B5C3EC5BDF1BBC36CE7E865F116D52F53B03A37E3D123CE8D110C420C20136F5C315C19B43952263F87FE698AAA6C4907529CA2E223894E70863A067000B0984009DB06C2B679EC59594DE7FC4358CD89F74D385F7CE6738D352B30D6059EAD5984FECF3F28E1CA363AEDDC3128B4809B409882EDBDDDAF08DD09E852E247AA3C965827ED2BB23C62159E8594D15D66B34493AA093989C69D9D566A612B1893FC3AC618D4827D4DAE9C9AE80EDB2DA3D9569C6A5E65F4B095EAE621BB7EECEF11AF52127648951A724AE49D949A9342FD11A984BCDAFEB25DD1C527E10E8B4431117B966715D5F0F38D6F43258015D9CC2D1CC4736BD434D389CEE71DEBA6B0F7F0F1EF8AA9DDB69F4344D17FE8BA5E591B58D8606425DDC435CC585CFAE3ADE18AD2F239FE24FF6F5EA759706F477D1C11B5086888DDA10093AC3004ED28FCCB324FDCFEA262BAAF41C772C1611680E26100E84E7000EA53CE15C6266A4E5E724DD957D3769E1854221257D1928C9A77472CDB4D98A851E59A9876650F4BF5BD5324021CCC13750D0691C8C4E1B22DF43AB4310A6ED6D4894D7EE945F8EB7CE3027A9A4392EEDCE91A29CC84A22A7DA69E4D9790E712AAEE1029AEECED09B9E7669C6533D39DA4BCB424B89F0290232A824B4D4D4EAC9F902A7767E9AF216EBF248753DA487007027C394412B2B96F11EC11D9AA653DBC3309982EBA0E77237790E1602152497FA2AD36F42D53932909BDF8468A92322451F68AA2A2148BF808E5D5A8F73753883B61E8C8AE6D34AC8ADC5B4D385454E376BA7020AAE31023511BBC3A867766FD75F919F195B22B9DCB6636329DB3BD738D38A999D98DD7661C013BA3ECA52341CE3D0D0C3469EC70B118A954DF441950BC6A330D28417108B40020C02046D41FCC933FC1FD44C42AEC3458408B007102F000FA41B446E31E0916EE8431494C202AFD26492A63655C5A7597710EF95F09F62A3362D5E9B34E12569A397D3DD2308BF6728F3F23B41D626AC80A1E5138C883404DA4DA596A7B4A330BCD7936D27B4B5728854A9CB72EA341CDF901D9DAE9C0D626A9CF2B2FD5B4E116E1C0DE1AAD34B483372C15DEE0F9DDA7DA47D2A5354F9B5117B7D52D02FE76BDE139CDF2357E912E680CCED3548D41026245F9674AAC87036AB2B86F0B18A94648CF5694625E1EAC932895E9BB9DE233919140A754EA3D73CA249238662324A69F7FF00D345AC8BD741D4F2FED1CC4E1ECC9CB9DEFBEE9007B018F41E174D6EBA1C6F129689753B5AEDE71DB47158D189086C886210408018D90200036D665429AFE0FEA26215361C4B25A2C22388168063E8FF0031118F884316077651118C4F49B53D233124F0BB530DA9B50EE50B426AE87176D4E0338898A64F3D253030BF2CB2DB97FC477286623CC578657959E8A8BCD1B92246A44DDACADC22A5344A5024BD2885B25C6EDD70CC5C5FD516295B604C8CDED4AA9C83E9924A7519D8A5057EAB0BC5F0C638F23465CDCEC457BA46330D29A92A4BD88EEA54E345207B223531D36B4893E1C56F22BF252950727BD36A5B891BC96BE378C3AAD58EA4D3D10D6D0D5421B70246E91970CBCE33CDDFD90A70B15C44C62B6FEF7DAB7F68596C291E8BE872869A7EC8A274E6F54D5D72BB909DD40BFACF9C7AEC052C94CF378DA99A7E85D888DF7310D98621B508621B220010A100805B5D6FA0268F0DCFEA262151E8491664A62C10EA53000EB622231F46BDD1118B84321D5EAF2949925CE4DAAC84E4948ED295C129EF8A6BD754E39996D1A0EA4AC8E03D2057666AF515D510CA5A384365B45FB29BDAE789CF331E6F1588751663D1E1B0EA97B255A9FB40DF58015588FB2751E378C719BE66B9532D127552E0071E5C7C22C5233CA162C927392EA6B309C5A5CC6C84D733338097E6E4C26D64F7DAC207510945946AF56D1D6A8364647231CDA9575D0DF4E9D91CEAB55BF4A7B715BA06EF1CF9F0B469A187B6FB9B230B1064D736EA8A86228403750B0B5877F0F08BAA28A232499D03663A74DA6A436D5353309549CBEE32DBADA56909E57C97FEE8BA35ABD35A3B9CFA980A327B7B476DD83E94E5368DC4C94E369969E705D8520DDA77B85C9215DD7378DF82F12555E59692EFBFC1C9C6786F0D668EB12F0A4EB1D6B9CA1B2044843640E1000D1FF1011B00F6BFFEC3327F73FA898854D8922CE91FDA262169044031D4EB0863E806DAF94406266E7256425973538F2596102EA5AA2AAB5630579688B29D372765B9C636D769E6AB4FADE1744B3774CA307F678A8F79E3EA8F23E238E737E4B63D4E0706A9AF3E653A8EA44DADF4AB3015878F8C2C33BC4B315A3D0115DD93575A6664EEDBC0936471E7CF942775E6829D5EA560D72AF4DDC75B29B1B62E7A77E51254232D99AB227B0B6FA43A9367F4771FBDFDA2E5857D483A484CDF4875479B284A705F5CC9F841FA4EAC1538A003F56A84CEEADD5281CB08CBD83C62E8D08479134FA21EA751DC995053BBAD7B4C42AD751DB723297CCB0BB2CDCBCA16DA012909CADC6DC639EA6E52BB208A4CC4B39BD309BE1C562BB6578ED466B62AAD4F5BADCB9EC3D466421381585C65616D2C1DE49D47A888E6E2BD89DD1AA2B3C3D4F596CC56456E812950FD7389C3309E4EA37563D71EAF0B573D34CF198BA3C3A8E24F378D2661B298043653120016D80FCC333E2DFF00CC457536045A1316087529B9844853F332B28CA9F99752CB4332A51B7F98A6A548C15E5A22C85372764512BDD264C959668AD06DBBDBD39FE3FF00E68F8FAA38788F18E50D3CDFF4BBF43B587F09E73F91529BABD46A4E0F4E9B71FC27100B395FB90321E4238F5B1529EB26756961A30D9588351694A91733B1009BC63AAF435C56A553651D28A84D356DE0A4ABBF787F68DF8797B2518C8EA5C16CA56D8E51A2D739D7034FD0E51DC9E485257AF1114BA6AF72D8D46572ADD17B6F0EBA4558317D91D9F6C5B1735E65AB17D4029E8E6692B3E90B2948D387C61F1E7D0B389163E9A2C9C90294A73E7A98C0F1129137A9265E580C87F9EFEF8AA5312135349EA9630DD580EEFBB2CE1D2DC9A4561526F1A44C7D5E109BAB4D424F7E638FAA3A4AA2E2209DB50B6C032A22E4EE29561E3CE33F88BF68BA8C7F6D1D129BB4B59D9FA825C9079486C9056C1B96D60FED2743E315E171D3A6FBEFBD0CF88C242AAD51D568BD266CFD456199B269D34783BFA23E0E69FCD68F4F43C529CF47A1E6EBF865486ABDA45A4D8A4290429245D2A1A1F5474934735A1A50891100ED87FE3F33E28FEA088D4D8105EA5B4948A62B0BEF637B832DEF2AFEE8CB88C753A7BBD4D7430552A6C8AB4FF4815699BA641A4CAB79EFAB79CB7B40F54716BF8C4DFBBA1D9A3E1315EF3B95B987A7A6D7D6CDCC2DE739DEE4799B98E454AF29EB2773AB4E8C63B21B530DB6DADC6C0D0F127DA6286CBD10E49774E351198FF3AC473AB77DF7A929225BA96D692950BA55911C216FA08A24E2154BDAB65DD189B4969430E58EF8939F85C469C1CB46B9A2BC4C6F14CBACAA92B4029CAC236DD1CA90DCDB216836CAD9E77B41608B204A6D0229CF7533360DAB81D3D70A35ACCB65473102B55E947DC5A65DC047DD8A2B56E8594A8E5DC0225DC79C161DAE7D98C9057345C228910CB453C4EBE3DD1A25495BBEFBB1566BB04CD36B24D865DD68A1685C42A948AD3429924664048F5C68A5EFA7E7FD0A3B8536164168956B770E14E2CEFA936E31562659AA1B72E5562C75593B20BEE0CB9E995A29A54E39B5D8AA4F4D08B21D4BAE06D7C324AB3B1F9B45F9927A6C2B5CB2522B55EA3AEF2134552FA99570DDB3E5C3CA36D0C6CA9ECF431623050A9BAD4BCD1FA41A5CF90C4FA7E8F9AFBC6EC93FBFF67F8A3BB86F1484FDED19C1C4F85CE1AC7544ADB0C3F93EFA81BA545B208CC1BAC718E84A5A1CDB1460817CF5E3CE3C3499EE144D945B865DD14DCB050412333AC477191A71F4B728B072BEE8F3CA22E44D21B0D14B0D948C293FB3E1030E64A9775B710013658ED71871212441AE515BAB4A38D1C962CA6D7C42C1B8222199A7743445A4CC2C37D4BE6D32CE4E039136C82ADDF78EAC2A27A9CEAB4EC18400E23777A2E5A99D95FAD52D2E8C0EEE83CC738A274AFE45F4A40B91A2C9329BD92070B699F844543AEA5939B614949065D7C5937C3A1D465C62C4B5B95C9B48CAA34E26CDA13AF0FF00115D5BF90E983BE8BC4E02BD4FCE51546896F10895765B7D4DD39A485B6820BA7518CE83CB58854A967DF7DB2EC342FA964949044B34CB49D6C37B43F3DD191EE6A375C64FA3EF765232F8442A2D4512B3285C0E808EFBA8703C3DB16F99265A69B33E952ADBA9191041F1D22E688344871BC49CC62EEE312DB620D18C5427DB955C8F5CA322E5B132ACC029CF76FA671D8F0BAF273CB7BA38DE29868A839DB50A3CAC3C48EF8E29D74848DE17D6F11B5C91B012348006AA0C36ECBAC1E57CBBA14D0E2CC6D8C1246FF2215B4137A912407D7ACE83944628B27B0470F5791D394365405A854B6744EA59F4D974CFA956EAF127ADCF2197C6274EE9668ABA7E4C52839684EA53895B8A6D40F5A838563BEF1D2A32BEC73AAC729267643AC49CB7AD6022C9532A8C80ABA0ACBDC401AC52A933471740C53E989698B946F79C5F1868679CC6C534BD3272D38C4153B8F3D85CFCA372724B7C8C4E247D58EFE03C21D48648853BCDD80927476D838DC389694F5CBE654E1B65DD947167A3B9DB83D2C10175EFF14DAC05A12D4642AD256E30707D91AC466112B124EAD0B1853751071AA2E9B4977F92560F6C9AF1C9396D02F2F089FDC84D06CE49DE17B40406563224F38E97853FDD4737C57F81FC3EE1299FD19F7C732E7422219CD209857246C9CF8080118E5FAB5802E549F180102EA1B5D469367A9796E97503B01877F129C3ED82CD9254DEE54E73A48994654AA1BEE13D97660148BF0BA117FC445B4F0CBFF528AFAFE3EC3B7C7E8087A6FA46AF8536EBAA93617916994F57911FB437BD6A8BAD421CB377F21A5F0EFBD8A84D50EB541AAA492A69F41C4CBE83AF818E847110AB1FE8AA38479B4773ABECDED375D2EC3B3630D41BC9CC880529F7728E5F1786ECB6EFEA15F0D73A2CA3ECCDB2979B2083A8F8C75A9C9495CE14E2E2EC4C4CA3473FEF1A14115E6662D86C2721E50DC013129610D83CB9C5761DC05514267662CA376DA3B88E04F331C8C554CF2B743A985A7955F9B28FD24ED356A82C4B3F4E4A13E937696E2D38CA4A33161A679C430B423527697246B9BCB1DAE00D90E92D0EBAB6EBAE219046EBE941B13DF8715BC845B88C038FB9AAFB0E955CCBCCB53FB63B273080D8A9B20AB237BA72239A808C8E84FF00E5934FBB81A5E6A9499852989E61D06F925692790FC62A9D39734FE4CB03BB20B064D76D42CE622E6EE4661CBE59EBAF188AD8AC4BDD8EF8E9F85FF32F89CDF14FE07F0FB935FCDA51F5C731BE67452D48D24BC6C69971E10589C8780EFDE888AC3961C3D512644C52461B7CFBE1498C616101272F1D60B809521BC360917B65DD11B0CAE6D2507E92632DD7519B6AD08B784284B23BFCCBE12B15B91EB43A659DBB532D9ED1B8F3062553AAD8B6C1ED9FDB8724A7FD06A49C04F65CD02C5EDA65631AA849C755AC4C989C1A9AD0E9F2536D3ED25C6D574AB9476E9D44F53CF54838BB325128B468B95580B529FC4E0611D8077CFBA3918EC4D9E546FC2E1EFED306CC4D4ACB214ECC3A965940B97166C047273F43A71836738DBEDA6A4D6986A4254294DB2AC7D79191C88DD1A9BC69C3D3946598DB4A8DB7D40542A05226EFD75F780233395C78738B2BE266BC86D582EAE8CE4144290E28A74B13FDA23FADA9E452D45F225C8F477252EB0B4E6A1A28EBE510A9889CB4B91D16C5B6974C6E9ED604677CD768A7C84D930DB2CCFBA1EC44D3DFA3FBBC63A5E19FCCBE2737C517EC3F812C2AF76F988E57D8E958854EB9C68B1DD2401C840B62730824F7E71268ACCB67AE70846EDA7BB386D00CA9009C869DF0B2DF5249986C387C2158434E273BF11CA159EE4AE40A85225274A565185E466954576B6BD4B2326803B45B32EBB27D7B22EE37BD8D22EAEFD3339C4E94B23F22D854246C66D4B92A84B134A3D5836C47803EA8DD4ABE49791931985CDAADCBFBD55416D219502B58DD8E8D6C4E58DF99C7A542ECA4ED4EDDD3686932E81E97503FA949C87EFAB3B471A9D3956F4EBF8EA76A9D1F91CC6A15BAD56E63AE9D72E8FD5B37C2D27C2F95F3D4C6F8D1853DB7EBCCDD08D8C96A53CF676045EC522FBB9FCF7C4675D2272A962D941A2B8D2D270E106DA8D4F778C60A93CE67948B8B09396A6DA446C543ED7ABCA1A22C56237E60E70D1113A1F61F386062C1C17B58718E8F857F32EF91CDF167FB0FE1F71F53B86659CAF8AE2F1CB3A997423C8D84EBC9032D7D71153D024B408850CF289662BCA6C2AE2FDFF3F844AFA5C8D8CB8C56B7C9888095E43E79C219A2072F2851D46C4A937F387BAEFD008AE20248FC2239BBEFD09935B6D2A6560F6464444B86B62172835F916A9D545298ECB89254D9D2234F556E86B8BBA1D9B9E98A56CDCAFA3ACFA4546EB54C1D5BC89B2467A0116359E595EC97CCA611D6E53154F616F294BBA96BB296A39924EA6E7C636715D8BB330AD2E9929D6E14A6D717BFCF8C5139CA4395CB8D328D27641B6BFE785A289245720C33212E00B08362A6D8E0692A23BCC4D6A02C309CA1322690C8B9B9E262760611A46CF1A93B84CC7576FB98BDE235E1B0BC5E7631E2717C257B5C3E3605B48C4E4E6240B5D21BC37BF7E231DAC278770A79B35FE1FE9C1C678AF161972DAFE7FE1FFFD9, CAST(N'1980-05-04' AS Date))
GO
INSERT [dbo].[Pessoas] ([Id], [Nome], [CPF], [Telefone], [Email], [Sexo], [Foto], [DataNascimento]) VALUES (2, N'Lendro Silva', N'17500336071', N'(87) 3133-2131', N'le@email.com', N'M', 0xFFD8FFE000104A46494600010101006000600000FFDB004300080606070605080707070909080A0C140D0C0B0B0C1912130F141D1A1F1E1D1A1C1C20242E2720222C231C1C2837292C30313434341F27393D38323C2E333432FFDB0043010909090C0B0C180D0D1832211C213232323232323232323232323232323232323232323232323232323232323232323232323232323232323232323232323232FFC000110800A400AB03012200021101031101FFC4001F0000010501010101010100000000000000000102030405060708090A0BFFC400B5100002010303020403050504040000017D01020300041105122131410613516107227114328191A1082342B1C11552D1F02433627282090A161718191A25262728292A3435363738393A434445464748494A535455565758595A636465666768696A737475767778797A838485868788898A92939495969798999AA2A3A4A5A6A7A8A9AAB2B3B4B5B6B7B8B9BAC2C3C4C5C6C7C8C9CAD2D3D4D5D6D7D8D9DAE1E2E3E4E5E6E7E8E9EAF1F2F3F4F5F6F7F8F9FAFFC4001F0100030101010101010101010000000000000102030405060708090A0BFFC400B51100020102040403040705040400010277000102031104052131061241510761711322328108144291A1B1C109233352F0156272D10A162434E125F11718191A262728292A35363738393A434445464748494A535455565758595A636465666768696A737475767778797A82838485868788898A92939495969798999AA2A3A4A5A6A7A8A9AAB2B3B4B5B6B7B8B9BAC2C3C4C5C6C7C8C9CAD2D3D4D5D6D7D8D9DAE2E3E4E5E6E7E8E9EAF2F3F4F5F6F7F8F9FAFFDA000C03010002110311003F00F7EC518CF5A5A2801BE5AFF757F2A36AFA53A8A2E0336FD7F334A57231934EA280233193FF002D187D31FE146C61FC66A4CD452DC4100CCB34718C67E76038A62B0112F675FF00BE7FFAF4624FEF29FC3FFAF5CEEBBE3AD0F4055135C0B890FF00CB2B721C8FAF3815E69AEFC59D52FD1A1D3E35B28C9C874626423EBD07E554A2D88F666D42D56468DAEAD83A9C15330C83E98A962BA8A6388E489CFA2B835F2B5C6A37171234B2CACCC7EF127AFBD4967AC5F58CBE65B5DCD0BF3828E47F2A7C83D4FAA727FBA7F4A0BED38DA7F019AF0ED23E2C6B36514515CA47768BC16933BC8FAE7FC6BD4FC3BE31D2FC45120B690C770549303F0723AE0F7A96AC06F8707B37E229722968A9189918CE46296931C74E29362FF717F2A007514C280AE307F038FE5482255E9BBFEFA3FE3408928A8C4641CF98DFA7F854940C28A28A0028A28A0028A2A29E74B7B7926727646A5DB033C0E680317C55E214F0E692D74D199646C84504019F5C9FF26BE7AD575CBBD4EFA4B89E791D9CF42D9C7B568F8CFC5D75E25D51E46252D6362B0C60F017D4FBD72D86739AD92E542DCB2F3331FBF927AFF9351B00A304F34E585DD7684E3D6A45B299D812A403DF149C8A506F62A95C67B8A4E0E0670475AD65D0EE987DC382473524FE1CBA8E12E17353CE8D1519F631C1DA7AD6BE87ADCFA36A96B771B91E54A1C81DFD47E22B35EC268C61D0F2322A060CB8C834EE438B89F4E7863C5563E25B257B7917ED2A8A6687FB848EDED9ADFAF997C23E28B9F0DEB315CA96684B012C79FBCBDFF4FD6BE9686559E14950FCAEA187D0F350D58925A28A2900514514005145140051451400514514005705F1475F9349F0F8B3B72566BD254B8FE141C9FCFA577B5E3DF198B7DBF4DE4EDF29F03DF3550DC4CF2A08D33E00EA6B7F4FD211D46F1C93595A7A6EB9507D6BB6B3876A28C726A2ACF9763B709454DDD85A68B6EB8FDD03E99ADA834C81401E5281D7914B6ED1AA8271C55C4932410DC57239C99EAC29C574145A448A008D71F4AAD35AA9C818DA3B115A476EDCD537931BB38A57668E291CE5ED845927601B8115CC6A3A6A72C8300135DC5D18E4E476AC3BAB7DC1862AE13699CF5A8A92D8E1A48FCB7DBDC1AF7FF85BAC36A7E13582562D2DA398B24E4953CAFF0051F80AF0CD4A1093F02BD4FE0ACA4C5AB45FC398D87FE3C2BB1EAAE78B38D9B47ACD145152405145140051451400514514005145140057937C678D49D29F9C9120FD56BD66BCBFE30C5E6268FEED28FF00D06AA1B81E67A35A334E1D864575B1388C28358EEF1D85A2B639038C77ACE3777D7672913607EB594E3CCEE7A34A7ECA365B9DB4734647CEE08F5AD2B6F2E40307835E6D349AD228674755038DBCD69F87F56BD5BC45C92A58655BB54BA692B9D14F132E6B347A234471D38ACBBC9A18518C8F8C135D00955ADC385E315E65E24BD9DEEE64553CB7005446177637AB59A8DD2359EE21625849C74AAAF22382B904FD6B948ADB549403024A3E8703F5A798F53B4224915F3DC039AB74E3D19C7F5A9BDD126B16BB943AD775F06095BED513F85A243F913FE35C6C3702F1191D70E3A835DA7C231E5EB7A9C7DFC9071F46FF00EBD6B1D23667257B3F79753D7E8A28A0E60A28A2800A28A2800A28A2800A28A2801335E71F15E3DF168EDCE04EEBF985FF000AF46638527D0578F78A752BCBFB9B786E2525167DFB31D38ED45ECCD695294EED74325F4C3773A311F2A8CE7D6AACBE68BE5B2B2894CADC64F415D05B48155971C91C54674C71379E31BB8F6AE7E7D75D8F5952BAF777399B2BCD46F7548AC32033C9B30474F7AD6B8B47B262CF8F351B0CB907F1E2B6E1B28E095A7112F98724B8EB9FE9599A8E4BE08C73D7D69CA7196C3A74650D64EE6DA6A45749CE7E6DB5CCDBC5F6F95FE62242708A38FC4E6B5E388BE9CC7BE0D64E9CED04E485C8C9047A54266D38AD0CFD566BFD27519ACC382CA54719E72339152799711DDADA5F200D8E180E2BAC6823BB4591A15320C61D8723D3EB5465D2F37025201C13D4E6ADD48F4460B0F24EEDE8614DA68B7BA12A290AC3078AEA3E17AF97E2AD441E07D9B3FF008F2D55BB65310429C81D71593A6DE5D58EB137D9E478C4C837F96704E0F02AA13D1DCC6B50BDA31EA7BDE452D656832CB26910F9CC5A45F94B1EF8AD4AD56A79938B849C5F4168A28A090A280411907228A0028A28A0028A28A0064809461ED5E55AD5AB06F3580FF5A707F4AF56AF36F123B245710EDCA2C879F4E4D44B7477609FC48CDD3E10EC09AD76B74EAD9AC6D2DF95E7A706B64CA18019AC268F528B4D2031A85200AE7B53859EE5230B8E7278AE963C30C923A5616A8596EE431940E40085B8153146B3B345C8EC5BECB80A704560A42D6BA9018C2B1E735BD63AC30D3365CA08E45186158514B35C3BC928556DFF00BB4CFCC39EF4ED6239AF63A38A1D8807B5484214C13CD4BF2B46181ED5525700F1D873516366D58CBD5000BEFED54F47B237576E57EF05EB52EA4E423134EF0EC8F14D215185E0127B56CBE1671BFE2247AAE851B47A4C1BBEF30DC7F1AD13DEA2B5429690AE3A201FA54D5BA564789525CD36FCC5A28A2990252D145001451450014514500276AE4F5AB102EAE70836CA33823EF1C7F8D759514D6F1CEB875CFBD292BA35A157D9CEEF63C8ED94C171B5B820F20D68071BC8CF5E956BC4BA72D8EABFBB04472AEE1F5EF5908E43804F22B09A3D7A134D5D6C5F7BAD8046839F5ACF994C8DFBCE49E9532C822DCDB433FB9AC692F2F2E6E0AC5181CE39A9564742E69BF2368C7028412FA0FC6A95CC4B15E3B277E9ED5087D4106D2CB93EBD45549DEF2205D806E68E67D8D65874B54CDBB7BE745DAFD0F1F4A6C971976EC2AAD84FF69B46DF1EDF7A6CD94EA7BD4BB7432527B321BF7122E074EF5D27866C4CB6F0C2E846F7C91B7B563E9765FDA5A9DBDBE091248BBB1FDDCF35EAF67A6DB5901E4C6171D3DAB549B382AD754DBEFD0B8060014B4515B9E50514514005145140051451400514514005145140181E29D37EDDA634A83F7B065863B8EE2BCCFCEC4A0E7BD7B3C882489D0F46523F4AF0DBBDF6D70C1FA6700D6734776124ECD763543EE04E7AD06CBCD3BE1E1B8359F0DCF014F4AD1B6B960766EC7BD61CAEFA1EA42A25B8845F06FF005884FB8A6C9673DC0DD2C8080390056A2AC4A8374992464D675DCFE4960878A6D3B17EDBBBD0886D857620AA7713066DB9E4535EE8AA963D6B2E5B9669709CB13F9525166339A7B1E9BE03D3C379BA830071FBB4F63D4D7735C9FC3E27FE11E607AF9EDFC8575B5D315A1E3576DD4770A28A2A8C428A28A0028A28A0028A28A0028A28CD001451466801A7A57906A16EB3CB32606431E7F1AF5D96448E367760AAA324938C0AF264904F3BBFF78E7F5AC6B3B247A180577239A9A09AD5C80095ED4F87512A0060491E95BD7B681E2DD819ACD1631B9CB20FC2B253EE7A0E93BE8429A8BE73C9007AD4735F93F7B24F5AD78743864070CE3F1AA975A65BC390A0B9F734F9D0BD9330E7B99266C2AF19ABDA7D9613CD9396A725AEE71950066B5C42238B030302A652E88A852D6ECEE3C04E0E953A0FE1989FCC0AEB7B579D78135486DB509EC6590299F063C9E3233C57A2E78AE9A6EF1478F8B8F2D562D1451567305145140051451400514519E28013B527E5413819CD61EABE29D3B4A251E4F3251FC11F273F5A4DA5B974E94EA3E582BB373354352D62C34A8BCCBC9D53D07563F415C06A7F10350B8CA59A25B27F78FCCDFAD72575797175334B348EF237566393F81AC655D2D8F670D92D49BBD5765F89D57887C612EAF1982CB7C56C3EF7382FFF00D6ACFB004A83F4AC5B521811F4ADFB1428A08E9EF5939392BB3B25868D097240B72A662FAD4115AE54938EB57C26F4E94E8E1041C5402DC8A28A48B760678AA72DA3365987735B0015183E9556657209ED4156D0C94B601BA7352489843F4ABB1C5CE7D6A0BB5C0C0F4A4239E9F7C7323AB10430390704575DA6F8CF50B3445B802EA2000C9E187E3DFF005AE66EA3660081EF56902C76A5D8640156A6E3B193A10AAECD5CF43B1F19E917580F3181CF6907F5ADF8E649903C522BA9E854E41AF07924EE323E9566C357BEB1606D6E648FB60371FF00D7FC6AA3897D50EBE451DE94ACFB33DCBF2A5AF3ED2BC7D20DB1EA481C7FCF44183F88FF000AECAC757B0BF406DAEA3727B6EF9BF235D11A8A5B1E2623055A83B4E268514991EB4B567285318E28A280479D789F5ED43EDD2DA24FE5C2ADB709C13F535C9313292589CE339CD14570556EE7D8E5D18C692B22BB8F7350F4C74FCA8A2A0F50B16CB898735D1DB0C228EDF4A28AB8EC79D8BD25A1AD6C3E4FC6A654024E3D68A2B6B1C322730A94CF355268D464738A28A2C898B63046A14E2B3AF00DFD07E545151646E8A72C4BBC0AA7A812B12A8E84734514ACAC7450FE2190C7269236273F5A28ACAC8F4DFC44858802A789D90065621BD4714515AC5222AEC763E17F11EA726A36F6534FE74520E4C9CB0FA1FF001AF455395068A2BB23B1F1D994631AD64AC7FFD9, CAST(N'2000-04-23' AS Date))
GO
INSERT [dbo].[Pessoas] ([Id], [Nome], [CPF], [Telefone], [Email], [Sexo], [Foto], [DataNascimento]) VALUES (3, N'Priscila Silva', N'96123188089', N'(67) 3187-4088', N'priscilaSil@gmail.com', N'F', 0xFFD8FFE000104A46494600010101006000600000FFDB004300080606070605080707070909080A0C140D0C0B0B0C1912130F141D1A1F1E1D1A1C1C20242E2720222C231C1C2837292C30313434341F27393D38323C2E333432FFDB0043010909090C0B0C180D0D1832211C213232323232323232323232323232323232323232323232323232323232323232323232323232323232323232323232323232FFC0001108009800A803012200021101031101FFC4001F0000010501010101010100000000000000000102030405060708090A0BFFC400B5100002010303020403050504040000017D01020300041105122131410613516107227114328191A1082342B1C11552D1F02433627282090A161718191A25262728292A3435363738393A434445464748494A535455565758595A636465666768696A737475767778797A838485868788898A92939495969798999AA2A3A4A5A6A7A8A9AAB2B3B4B5B6B7B8B9BAC2C3C4C5C6C7C8C9CAD2D3D4D5D6D7D8D9DAE1E2E3E4E5E6E7E8E9EAF1F2F3F4F5F6F7F8F9FAFFC4001F0100030101010101010101010000000000000102030405060708090A0BFFC400B51100020102040403040705040400010277000102031104052131061241510761711322328108144291A1B1C109233352F0156272D10A162434E125F11718191A262728292A35363738393A434445464748494A535455565758595A636465666768696A737475767778797A82838485868788898A92939495969798999AA2A3A4A5A6A7A8A9AAB2B3B4B5B6B7B8B9BAC2C3C4C5C6C7C8C9CAD2D3D4D5D6D7D8D9DAE2E3E4E5E6E7E8E9EAF2F3F4F5F6F7F8F9FAFFDA000C03010002110311003F00F7EA2968A5600A28A298051452668016A39AE21B78CC93CD1C483AB3B051FAD707E34F89763E1D67B1B155BBD400E467E48FFDE3DCFB5788EB1E25D575DB969EFEF24949390B9C2A8F65E828B32925D4FA2AF3C73E1BB22A24D560624E3F767CCC7D7158D79F15BC3F042CD6ED35C38030A17683F89AF9ECCCE73CF34DF31B1EDF5A9E5652E547BCC5F1834B68C6FB39964EE03023F3AE9344F1C687AE158EDEE84731FF009652FCA7F0EC6BE6112303D4D588AE9D08209DC0E739C11F88A5C8D157A6D6D63EBB041E8696BC47C13F1367B178EC35A7335A1F95676E5A3FAFAAFEB5ED50CD1CF12CB13ABA30CAB29C823D8D527D199CA2D7A12514514C90A28A2800A28A2800A28A2800A28A2800A28A2801370F515E5DF11FE227F6589348D1E5C5D925669D7FE59FA85FF6BDFB5757E30D70691A54EB1CBE5CED116F3073E52FF7BEBD97FDAAF9AF51BB3777724BC8049DAA4E4E33D3342DEC5A5657657965691D999B731392D9E49FA9A8F268EB5621B39A6FB884D3724B71463293B22007AD15B10E83732103675ABDFF00089DC9C30159BAD05D4E98E0AB496C7314B9ADBB9F0EDD4393B38EB5953DA4B0FDF07F2AA8D58CB66653C3D4A7F12191CCC87935E99F0EFE20FF0062BAE99A9485B4F73F239E7C93FF00C49F4ED5E5FF00FD6A7A3EC23934DC6EAE4465D19F612489246B223AB230C865390453ABC33E1BFC406D35E3D2753767B276C47231CF924F6FF77F957B8A90C0104107D29262946C3A8A28A64851451400514514005145140052647AD154358BD4D3B4AB8BC7936242BB99B1D81E69741A57678BFC57D7FED3AE4FA7C2EBE5C4AB1B91DC8CB63F323F2AF312726AF6A77925F5F4F732B6E92572EC4FB9AA489BA403D4D38E9A973D5A8A34B4AB1FB4C8370E335DAD858468146D1C7B5626930796178EA2BAAB50768E95E6626AB6F43E972FC2C2304DAD4B315B2020803F2AD14B74116702AAC406455D5906315C47754D344529ED5197040FCAB96D674A8CA315038E6BAF9581CE2B26E909246320D5D2A928B2674D548599E5F7503452371C556CFF003AEC756D1D8AB320E71DAB91951A390AB8C115ECD1AAA6B43E5B17867465AEC3E094C6E08241041E2BE80F867E2C5D634CFECEB8933736CA0AE4F2C9FF00D6AF9E81C1AE8BC25AC9D1F5FB3BA6919638E505CAFF0077383FA76AB92EA6107CCB959F52D151C52A4D1AC88C1958020839041A928E864145145300A28A2800A28A28012BCF7E2E6B2B61E185B046FDF5EB85201E88BC9FE95E855F39FC4DD53FB53C4F71289374511F2601DB6A92091F56DDF952F22A2BA9C448739352D92EFB85FAD576356B4F23CF1CD396C5D2D6A23B0B2C2A29C76ADBB6718039AE593528A100303C7A77AB306BF00C0C902BCAA94A4CFA8A389A71B2B9D8C6D8C77AB05B8C8AC3B0D4A1B9202B738F5AD5DFF2715CB28B4F53B749EA8256F9793F9556665F506B3753D51E1DCB1A9DC2B9E9F50BF98E15F6D6B4E8B96A6357151A4B97A9D44EAB2AB74AE435BD3412658C6186722AFD99B95264694B37A678A7DCB9951838C356F4D3A72D0E3C44A38886A8E21861A9F1315606A5BE884772D8E01E4542BF7ABD34EE8F9A6B964D1F427C29F118D5740FECD99F37565C0DC7968C9E0FE1C8FCABD0ABE68F016B2FA2789AD2E03131BB7952AFAA31EBF81E6BE950C08C839A4BB0E71B6A3A8A28A66614514500145145003242C23629CB60E2BE52F10DDA5E6A25A3C84489231EE428DC7FEFAC9FC6BE96F156ACBA2786350BE670AC91308F9C65C8C0C7BE6BE5695CB3927AF53F8D09149E8446A7B3E65E0D57356ACE32EE4AF6A25B15497BE8D391A1540AE4161FC22A1F3909F9117AE319AB1636FB6F5249A3F3133C8F5A9ADB4748F53577264B6570C01E0B01D14D73A715BB3D171AB26B950ED36F04770A08C64FAD777036FB7073DAB8A9AD479EA517059F2147615DC5841BAC707A815C388B37A1ECE0F9A11B48E4F5994B5CB22F5F515897705D5B5BC370C8DB25628A7DC7F8D757736645EB36DDDBBA52B59F996FF66923CC24EED87A67FA55D2A9185AE6788C34EA37CBB9CBDB437C74D17EADFBB3298C027AF19AD6B58E69E3CC83B75ADAB7D2C1458F18451C01D3F2AD06B258A2C00071D852AB5937A061F0B3A6BDF67996B70F953818ACC5EB5BBE275DB763F1AC115E8D177823E7B16AD59A342C98A3AB03820E723B735F55691299F46B298F578118FD4A8AF946D8FCC07BD7D4FE1B39F0CE964F7B588FFE3A28FB444F5823568A28AB310A28A2800A28A2803CFF00E2FA83E0967E772DC277E99CE735F3D3735F4B7C4AB3379E03D415465A3DB2F4FEEB0CFE99AF9A5C61B1EF4D074195A7A4207988F715966B4749984776A0F46A9A9F01BE19AF6AAE76B0588318603F4A94D89F4C54F612868C03CD5F3823A0AF1E5269EA7D852845C534639B748EE10B738AE8ECDB16ED81DBA561DE467ED29CE062B674FB88BCA38653C7AD4CAED152564D156E0AAB0C819CD5B8618E55071CD53BAB8B790B2F98011EF562C5C8817B9C5434CB6EEAE8BF1C0A8338A86EA451137D2A5F37E5358F7F7023B76E76E292576636D1B91C0F89E40F7E00F426B0855ED5A5335FB9CF4E2A881935EED25CB048F91C54B9AB365CB319917D01E6BEA2F09CE2E7C25A4C830736B18E3D940AF976D8E0D7D0FF000BEF4DD782E0889F9ADA478BF0CEE1FA37E947DA1497EED1DAD14515460145145001451450064789E0FB5785F5587382D6B273FF000135F2ACEBB5C83C735F586BD189BC3FA8C65880D6D20C8EBF74D7CA97C09B8727A9249A2FA9695E2D948D3E27313871D8D308A4EFED54D5C94EDA9DDE8F7C1D179E2BA08E5DC41ED5E75A45D989C296AEB6DEF381CD79588A5667D465F895286A5DD5879880A9C63B8ACCB44B98C36599853350D5447F2AFCD211C0154EDEE6E98F3E673E9D2A2306A2753AAA752C8DA8F4F57984923375C919ADC8A50A836F0315C7BC97BBB7A230C7F11E9562DF55B9F31637879EED9A99536D686BCF08E8D1D534F815CFEB573FBB600F63565AF018F39AE675BBEF94A83C9A7429B7239F19594295CE76E1F7CEE7DEA31C529EB93DE93A9AF616C7C8B77772689B19AF72F8357425D1F5083F8A395588FA8C7FECB5E160E2BD2FE0FEA6B69E2692D1DC85BC84AA8CFF001AFCDFC8B54C975344DF2B89EF145191453310A28A2800A28A334018DE2A95A1F0A6AB223EC616B21CFA7CB5F2DDD36E91C9EB935EF9F14B5B5B2D1534C460CF76774833D225209FCCE07E75F3F4ADBA427D49A3A9A2D21EA4245329E79A655998F8E468DC3035BB677DB9064F6AE7EA7B790A375ACEA41491D187ACE9CAC744CCAE41C7CC3B9ABB05E4C898D99AC9B59D588DD5D2587D9DD46E20D7054F755AC7D0E16A36EF16556B8BA9136ED22A38D658F3B97AF7AE8775AAAF6C8AC7D46FA28810A47E158C25CCEC91D75F6BCE453BAB92919C9C573179706794924E2AEDCC8D3124E40FAD6649D6BD0A30491F398DACE7A2D86134A3AD369C38AE83CF1D9E6B5FC3FA9BE95ACD9DF213BE0955C7D0751F88AC6CD491B6D239A4D15176773EBDB7B88EEADE39E170F1C8A19587706A6AF2BF857E305BAB25D16F1BF7B1FF00A8727AAFF77FC2BD4F22A5314E3CAC5A28A299219159BAD6B963A0E9CF7B7D3048D7A283F339F403B9AAFAB6AF25B37D92C601717DB77157388E15FEFBB7403DBA9AF05F19EAF71A9EAF21B8BC6BA08311B60AA63BED5FEE93D3D4526CB8C2EAECADE28F134FAFEA335DCA71E69E1474451F7547D07EB9F5AE5DCE4FE352C8D96F4150935490E6EE32938A5229299980A7C7F7C5342FB53E25F9C7D686F41C7734628F2A0024568C0F346000C6AB5B2E40E2B4638F38AE2A92D4F770F0D2E80CB3B0E58FE15035BBB1CB127EB5A89100390294C431D2B0E7B6C763A2E4B53126B7F94E3158F70B8735D5DC45FBB3815CC5DA91330F435D7424E4CF2F1D4B951528A5345749E509DE9EB4DC528C8A045FD3AFE7D3AEA3B9B7919244390C2BE94F07789A2F13E871DD8205C27EEE78C7F0B8FE86BE6056CE38AEAFC1DE27BBF0DEA62E213BE26C2CB11380EA3FAFA54356D4D57BD1B1F4BD159DA46AD6DAD69B15EDAB7EEE419DA7AA9F423B1A29A7733B3465EB48B69A2DC5AC50CCF1088994A126493B601EEC7073E99AF03D4B48D6EF6FA6B86D2AF32ED9DAB6ED81E80714514455E4697F72C523E1AD71BFE6117DFF0080EFFE141F0B6BE7FE60DA87FE03B7F851456A919362FF00C221E223D343D43FF019BFC28FF8437C47FF00402BFF00FC076FF0A28A2C4DC51E0DF11FFD00EFFF00F01DBFC2A687C17E222C33A2DE8FAC07FC28A286B42A0F536AD3C1FAEA01BB4ABC1F588D69C7E13D68633A65D0FF00B674515C73A69B3D8A588945688B71F84F59E33A6DC0FF0080D3CF8535907034E9BFEF9A28ACBD8C4DFEBB52DD0AF71E11D719485D32E3F05AE7750F03788CB129A35DB127B464D1456F4A9C62F438B135E5516A67B7817C4E3FE6077BF8447FC2A3FF00842FC480E0E877F91E96EDFE14515D279831BC27E205E4E8BA87FDF87FF0A89FC33AE2FDED22F87D6DDFFC28A2AAC1710787F58CE3FB2EF33FF5C1BFC2AEDAF8735A270349BEC1FF00A777FF000A28A4E2AC545B4F43D5FE1E45ADE91A91D3EF74DBC8EDA5424C8D1FEEC305055B3D8919047B0A28A2B34826DB67FFD9, CAST(N'1999-01-14' AS Date))
GO
SET IDENTITY_INSERT [dbo].[Pessoas] OFF
GO
SET IDENTITY_INSERT [dbo].[TiposAtividade] ON 
GO
INSERT [dbo].[TiposAtividade] ([Id], [Descricao]) VALUES (1, N'Modulo')
GO
INSERT [dbo].[TiposAtividade] ([Id], [Descricao]) VALUES (2, N'Unidade Curricular')
GO
INSERT [dbo].[TiposAtividade] ([Id], [Descricao]) VALUES (3, N'Pratica')
GO
SET IDENTITY_INSERT [dbo].[TiposAtividade] OFF
GO
SET IDENTITY_INSERT [dbo].[TurmaAluno] ON 
GO
INSERT [dbo].[TurmaAluno] ([Id], [IdTurma], [IdAluno], [Status]) VALUES (1, 1, 2, NULL)
GO
SET IDENTITY_INSERT [dbo].[TurmaAluno] OFF
GO
SET IDENTITY_INSERT [dbo].[Turmas] ON 
GO
INSERT [dbo].[Turmas] ([Id], [IdCurso], [CodTurma], [DataInicio], [DataTermino], [QtdMinima], [QtdMaxima], [IdDocente]) VALUES (1, 3, N'front01', CAST(N'2023-10-15' AS Date), CAST(N'2023-12-15' AS Date), 40, 80, 1)
GO
INSERT [dbo].[Turmas] ([Id], [IdCurso], [CodTurma], [DataInicio], [DataTermino], [QtdMinima], [QtdMaxima], [IdDocente]) VALUES (2, 3, N'front02', CAST(N'2023-11-15' AS Date), CAST(N'2024-01-15' AS Date), 30, 80, 1)
GO
SET IDENTITY_INSERT [dbo].[Turmas] OFF
GO
INSERT [dbo].[Usuarios] ([Id], [Usuario], [Senha], [PalavraChave]) VALUES (1, N'Fe', N'123', N'123')
GO
INSERT [dbo].[Usuarios] ([Id], [Usuario], [Senha], [PalavraChave]) VALUES (2, N'silvale', N'1234', N'1234')
GO
INSERT [dbo].[Usuarios] ([Id], [Usuario], [Senha], [PalavraChave]) VALUES (3, N'prisilv', N'123', N'123')
GO
ALTER TABLE [dbo].[AlunoModulo]  WITH CHECK ADD  CONSTRAINT [FK_AlunoModulo_CursoModulo] FOREIGN KEY([IdCursoModulo])
REFERENCES [dbo].[CursoModulo] ([Id])
GO
ALTER TABLE [dbo].[AlunoModulo] CHECK CONSTRAINT [FK_AlunoModulo_CursoModulo]
GO
ALTER TABLE [dbo].[AlunoModulo]  WITH CHECK ADD  CONSTRAINT [FK_AlunoModulo_TurmaAluno] FOREIGN KEY([IdTurmaAluno])
REFERENCES [dbo].[TurmaAluno] ([Id])
GO
ALTER TABLE [dbo].[AlunoModulo] CHECK CONSTRAINT [FK_AlunoModulo_TurmaAluno]
GO
ALTER TABLE [dbo].[Alunos]  WITH CHECK ADD  CONSTRAINT [FK_Alunos_Escolaridade] FOREIGN KEY([IdEscolaridade])
REFERENCES [dbo].[Escolaridades] ([Id])
GO
ALTER TABLE [dbo].[Alunos] CHECK CONSTRAINT [FK_Alunos_Escolaridade]
GO
ALTER TABLE [dbo].[Alunos]  WITH CHECK ADD  CONSTRAINT [FK_Alunos_Pessoa] FOREIGN KEY([Id])
REFERENCES [dbo].[Pessoas] ([Id])
GO
ALTER TABLE [dbo].[Alunos] CHECK CONSTRAINT [FK_Alunos_Pessoa]
GO
ALTER TABLE [dbo].[Avisos]  WITH CHECK ADD  CONSTRAINT [FK_Avisos_Cursos1] FOREIGN KEY([IdCurso])
REFERENCES [dbo].[Cursos] ([Id])
GO
ALTER TABLE [dbo].[Avisos] CHECK CONSTRAINT [FK_Avisos_Cursos1]
GO
ALTER TABLE [dbo].[Avisos]  WITH CHECK ADD  CONSTRAINT [FK_Avisos_Turmas1] FOREIGN KEY([IdTurma])
REFERENCES [dbo].[Turmas] ([Id])
GO
ALTER TABLE [dbo].[Avisos] CHECK CONSTRAINT [FK_Avisos_Turmas1]
GO
ALTER TABLE [dbo].[CursoModulo]  WITH CHECK ADD  CONSTRAINT [FK_CursoModulo_Cursos] FOREIGN KEY([IdCurso])
REFERENCES [dbo].[Cursos] ([Id])
GO
ALTER TABLE [dbo].[CursoModulo] CHECK CONSTRAINT [FK_CursoModulo_Cursos]
GO
ALTER TABLE [dbo].[CursoModulo]  WITH CHECK ADD  CONSTRAINT [FK_CursoModulo_Modulos] FOREIGN KEY([IdModulo])
REFERENCES [dbo].[Modulos] ([Id])
GO
ALTER TABLE [dbo].[CursoModulo] CHECK CONSTRAINT [FK_CursoModulo_Modulos]
GO
ALTER TABLE [dbo].[Cursos]  WITH CHECK ADD  CONSTRAINT [FK_Cursos_Area] FOREIGN KEY([IdArea])
REFERENCES [dbo].[Areas] ([Id])
GO
ALTER TABLE [dbo].[Cursos] CHECK CONSTRAINT [FK_Cursos_Area]
GO
ALTER TABLE [dbo].[Docentes]  WITH CHECK ADD  CONSTRAINT [FK_Docentes_Pessoa] FOREIGN KEY([Id])
REFERENCES [dbo].[Pessoas] ([Id])
GO
ALTER TABLE [dbo].[Docentes] CHECK CONSTRAINT [FK_Docentes_Pessoa]
GO
ALTER TABLE [dbo].[Modulos]  WITH CHECK ADD  CONSTRAINT [FK_Atividades_Atividades] FOREIGN KEY([IdPai])
REFERENCES [dbo].[Modulos] ([Id])
GO
ALTER TABLE [dbo].[Modulos] CHECK CONSTRAINT [FK_Atividades_Atividades]
GO
ALTER TABLE [dbo].[Modulos]  WITH CHECK ADD  CONSTRAINT [FK_Atividades_TipoAtividade] FOREIGN KEY([IdTipo])
REFERENCES [dbo].[TiposAtividade] ([Id])
GO
ALTER TABLE [dbo].[Modulos] CHECK CONSTRAINT [FK_Atividades_TipoAtividade]
GO
ALTER TABLE [dbo].[TurmaAluno]  WITH CHECK ADD  CONSTRAINT [FK_TurmaAluno_Alunos] FOREIGN KEY([IdAluno])
REFERENCES [dbo].[Alunos] ([Id])
GO
ALTER TABLE [dbo].[TurmaAluno] CHECK CONSTRAINT [FK_TurmaAluno_Alunos]
GO
ALTER TABLE [dbo].[TurmaAluno]  WITH CHECK ADD  CONSTRAINT [FK_TurmaAluno_Turmas] FOREIGN KEY([IdTurma])
REFERENCES [dbo].[Turmas] ([Id])
GO
ALTER TABLE [dbo].[TurmaAluno] CHECK CONSTRAINT [FK_TurmaAluno_Turmas]
GO
ALTER TABLE [dbo].[Turmas]  WITH CHECK ADD  CONSTRAINT [FK_Turmas_Cursos] FOREIGN KEY([IdCurso])
REFERENCES [dbo].[Cursos] ([Id])
GO
ALTER TABLE [dbo].[Turmas] CHECK CONSTRAINT [FK_Turmas_Cursos]
GO
ALTER TABLE [dbo].[Turmas]  WITH CHECK ADD  CONSTRAINT [FK_Turmas_Docentes] FOREIGN KEY([IdDocente])
REFERENCES [dbo].[Docentes] ([Id])
GO
ALTER TABLE [dbo].[Turmas] CHECK CONSTRAINT [FK_Turmas_Docentes]
GO
ALTER TABLE [dbo].[Usuarios]  WITH CHECK ADD  CONSTRAINT [FK_Usuarios_Pessoa] FOREIGN KEY([Id])
REFERENCES [dbo].[Pessoas] ([Id])
GO
ALTER TABLE [dbo].[Usuarios] CHECK CONSTRAINT [FK_Usuarios_Pessoa]
GO
